positionid,city,companyFullName,companyLabelList,district,education,firstType,formatCreateTime,positionName,salary,workYear
5868896,北京,北京金堤科技有限公司,"['专项奖金', '股票期权', '带薪年假', '定期体检']",海淀区,本科,开发|测试|运维类,10:47发布,python开发工程师,15k-25k,不限
5389064,上海,上海庆科信息技术有限公司,"['互联网风口', '物联网、高新', 'Wi-Fi', '午餐补助']",普陀区,本科,开发|测试|运维类,08:43发布,Python开发工程师,18k-25k,1-3年
5912129,杭州,杭州慧川智能科技有限公司,"['弹性工作', '年度旅游', '帅哥多', '美女多']",西湖区,大专,开发|测试|运维类,14:09发布,Python开发工程师,13k-20k,3-5年
5949471,北京,北京数美时代科技有限公司,"['年底双薪', '大数据', '带薪年假', '通讯津贴']",朝阳区,本科,开发|测试|运维类,1天前发布,python研发工程师,10k-20k,应届毕业生
5924120,长沙,开易（北京）科技有限公司,"['年底双薪', '绩效奖金', '带薪年假', '股票期权']",开福区,本科,开发|测试|运维类,10:09发布,python开发工程师,10k-18k,不限
5979959,成都,成都爱找我科技有限公司,[],锦江区,本科,开发|测试|运维类,09:58发布,python,10k-20k,5-10年
3222466,郑州,郑州创恒实业有限公司,"['年底双薪', '节日礼物', '技能培训', '绩效奖金']",金水区,大专,开发|测试|运维类,09:20发布,Python开发工程师,5k-10k,1-3年
5980852,北京,优维科技（深圳）有限公司,"['年底双薪', '午餐补助', '股票期权', '弹性工作']",朝阳区,本科,开发|测试|运维类,11:00发布,python开发工程师,11k-20k,1-3年
5982521,广州,广州微宽信息技术有限公司,[],海珠区,大专,开发|测试|运维类,16:18发布,Python开发工程师,15k-20k,3-5年
5959430,深圳,深圳市客路网络科技有限公司,"['零食水果供应', '带薪年假', '绩效奖金', '扁平管理']",福田区,本科,开发|测试|运维类,2天前发布,Python工程师,10k-20k,1-3年
5992144,北京,北京五八到家信息技术有限公司,"['节日礼物', '技能培训', '股票期权', '免费班车']",朝阳区,本科,开发|测试|运维类,15:47发布,python开发工程师,15k-30k,3-5年
5991452,北京,北京智胜新格科技有限公司,"['绩效奖金', '定期体检', '弹性工作', '节日礼物']",海淀区,本科,开发|测试|运维类,14:41发布,python开发（海外游戏）,15k-30k,3-5年
5983161,上海,简阳联盟凯睿企业管理有限公司,"['带薪年假', '定期体检', '股票期权', '美女多']",黄浦区,本科,开发|测试|运维类,1天前发布,python开发,15k-30k,3-5年
5984719,北京,北京币世界网络科技有限公司,"['岗位晋升', '五险一金', '节日礼物']",朝阳区,本科,开发|测试|运维类,1天前发布,python开发工程师,17k-34k,3-5年
5988229,北京,柔持（北京）科技有限公司,"['交通补助', '午餐补助', '绩效奖金', '通讯津贴']",朝阳区,本科,开发|测试|运维类,11:00发布,Python开发工程师 (MJ000056),25k-35k,5-10年
5482153,北京,北京旷视科技有限公司,"['科技大牛公司', '自助三餐', '年终多薪', '超长带薪假期']",海淀区,本科,开发|测试|运维类,2019-05-21,高级python开发工程师,25k-50k,1-3年
5926852,北京,北京思维造物信息科技有限公司,"['扁平管理', '帅哥多', '领导好', '美女多']",朝阳区,本科,开发|测试|运维类,2天前发布,python开发工程师（安全方向）,25k-50k,3-5年
5946526,北京,北京汇游科技有限公司,"['技能培训', '带薪年假', '绩效奖金', '年度旅游']",朝阳区,本科,开发|测试|运维类,2019-05-24,python开发工程师,15k-20k,3-5年
5979952,北京,维恩贝特科技有限公司,"['年底双薪', '五险一金', '通讯津贴', '交通补助']",西城区,本科,开发|测试|运维类,16:16发布,Python工程师,8k-16k,不限
5983714,上海,上海诺诺镑客金融信息服务有限公司,"['晋升快速', '年终分红', '管理扁平', '股票期权']",浦东新区,本科,开发|测试|运维类,09:03发布,Python高级工程师,20k-35k,5-10年
4151403,上海,上海寻梦信息技术有限公司,"['股票期权', '专项奖金', '弹性工作', '扁平管理']",长宁区,本科,开发|测试|运维类,1天前发布,高级Python开发工程师,20k-40k,1-3年
3613383,郑州,郑州创恒实业有限公司,"['年底双薪', '节日礼物', '技能培训', '绩效奖金']",金水区,大专,开发|测试|运维类,09:20发布,高级Python开发工程师,7k-10k,1-3年
761479,深圳,深圳市易博天下科技有限公司,"['年底双薪', '股票期权', '带薪年假', '创业公司范儿']",南山区,大专,开发|测试|运维类,2019-05-22,Python开发工程师,13k-25k,1-3年
5447571,杭州,杭州费尔斯通科技有限公司,"['股票期权', '弹性工作', '扁平管理', 'HSMAP']",滨江区,本科,开发|测试|运维类,10:08发布,资深Python工程师,15k-25k,3-5年
5497234,郑州,河南象聚实业集团有限公司,"['定期体检', '派对旅游', '六险一金', '绩效奖金']",高新区,本科,开发|测试|运维类,2天前发布,Python 高级工程师,10k-18k,5-10年
5991410,北京,锐波（北京）科技有限公司,"['股票期权', '扁平管理', '美女多', '五险一金']",海淀区,本科,开发|测试|运维类,14:37发布,高级python开发工程师,25k-50k,5-10年
5980903,深圳,北京国双科技有限公司,"['节日礼物', '年底双薪', '带薪年假', '午餐补助']",福田区,本科,开发|测试|运维类,2天前发布,高级Python研发工程师,13k-25k,1-3年
1908382,北京,北京一人一亩田网络科技有限公司,"['节日礼物', '年底双薪', '专项奖金', '股票期权']",海淀区,本科,开发|测试|运维类,1天前发布,Python后端研发工程师,15k-30k,3-5年
5984536,武汉,精硕科技(北京)股份有限公司,"['技能培训', '年底双薪', '带薪年假', '岗位晋升']",东湖新技术开发区,本科,开发|测试|运维类,15:43发布,高级 Python 工程师,15k-20k,3-5年
5209068,武汉,智线云科技（北京）有限公司,"['绩效奖金', '股票期权', '领导好', '扁平管理']",洪山区,本科,开发|测试|运维类,2天前发布,高级python工程师,10k-18k,3-5年
4090850,北京,北京旷视科技有限公司,"['科技大牛公司', '自助三餐', '年终多薪', '超长带薪假期']",海淀区,本科,开发|测试|运维类,1天前发布,Python后端开发工程师,25k-50k,3-5年
5980757,深圳,北京国双科技有限公司,"['节日礼物', '年底双薪', '带薪年假', '午餐补助']",福田区,本科,开发|测试|运维类,2天前发布,资深Python研发工程师,20k-40k,3-5年
5667913,深圳,深圳市易博天下科技有限公司,"['年底双薪', '股票期权', '带薪年假', '创业公司范儿']",南山区,大专,开发|测试|运维类,2019-05-24,资深Python开发工程师,20k-28k,5-10年
5549235,武汉,智线云科技（北京）有限公司,"['绩效奖金', '股票期权', '领导好', '扁平管理']",洪山区,本科,开发|测试|运维类,2天前发布,中级Java/PHP/Python工程师,8k-13k,3-5年
5924855,北京,北京国研网信息股份有限公司,"['专项奖金', '年终分红', '定期体检', '弹性工作']",东城区,硕士,开发|测试|运维类,2天前发布,高级python开发工程师,22k-27k,3-5年
4748222,北京,北京一人一亩田网络科技有限公司,"['节日礼物', '年底双薪', '专项奖金', '股票期权']",海淀区,本科,开发|测试|运维类,1天前发布,Python实习生,3k-6k,不限
5545481,深圳,爱客科技（深圳）有限公司,"['SaaS平台', '细分领域第一', '极客氛围', '最新技术']",南山区,本科,开发|测试|运维类,16:30发布,高级 Python 后台工程师,25k-35k,3-5年
5980984,深圳,深圳智易科技有限公司,"['人工智能', '云计算', '股票期权', '技能培训']",南山区,本科,开发|测试|运维类,2天前发布,Python后台开发工程师,25k-40k,3-5年
5988160,深圳,Gekko Artificial Intelligence Limited,"['扁平管理', '股票期权', '前沿科技']",宝安区,本科,开发|测试|运维类,1天前发布,Python / Golang后端工程师,15k-30k,3-5年
5991772,上海,上海美华系统有限公司,"['技能培训', '带薪年假', '定期体检', '通讯津贴']",长宁区,本科,开发|测试|运维类,15:13发布,python开发工程师,10k-15k,1-3年
5525089,北京,达内时代科技集团有限公司,"['技能培训', '股票期权', '专项奖金', '带薪年假']",东城区,本科,教育|培训,1天前发布,python讲师（少儿编程） (MJ004699),9k-11k,不限
5924320,武汉,睿佳（武汉）软件科技有限公司,"['弹性工作', '扁平管理', '五险一金', '岗位晋升']",洪山区,本科,开发|测试|运维类,2天前发布,python后端工程师,8k-15k,1-3年
5987415,北京,传易互动游戏科技（北京）有限公司,[],海淀区,本科,开发|测试|运维类,1天前发布,python实习,150k-200k,不限
5988184,上海,上海沸橙信息科技有限公司,"['带薪年假', '绩效奖金', '定期体检', '交通补助']",青浦区,不限,开发|测试|运维类,15:31发布,python,15k-25k,3-5年
5991962,北京,北京黑尾互动科技有限公司,"['午餐补助', '绩效奖金', '股票期权']",朝阳区,本科,开发|测试|运维类,15:29发布,Python高级工程师,25k-40k,3-5年
1407389,北京,智线云科技（北京）有限公司,"['绩效奖金', '股票期权', '领导好', '扁平管理']",朝阳区,本科,开发|测试|运维类,2天前发布,Python 中级工程师,10k-18k,1-3年
3981586,北京,北京旷视科技有限公司,"['科技大牛公司', '自助三餐', '年终多薪', '超长带薪假期']",海淀区,本科,开发|测试|运维类,2019-05-21,python高级后端工程师,25k-50k,5-10年
5988997,北京,北京安全元素科技有限公司,[],海淀区,本科,开发|测试|运维类,09:24发布,Python开发⼯程师,20k-32k,3-5年
3347934,深圳,岩心科技（深圳）有限公司,"['美女如云', '股票期权', '高速发展', '扁平管理']",南山区,本科,开发|测试|运维类,2天前发布,Python后台开发/数据平台/Senior,15k-30k,3-5年
5961800,长沙,长沙蜜獾信息科技有限公司,"['年底双薪', '技能培训', '绩效奖金', '年度旅游']",岳麓区,本科,开发|测试|运维类,14:35发布,Python架构师(SG0304),15k-25k,5-10年
5979892,长沙,湖南极果生态农业发展有限公司,[],岳麓区,本科,开发|测试|运维类,2天前发布,python,15k-20k,5-10年
5980307,上海,上海沸橙信息科技有限公司,"['带薪年假', '绩效奖金', '定期体检', '交通补助']",浦东新区,本科,开发|测试|运维类,2天前发布,python开发,10k-20k,1-3年
5982448,上海,新拓尼克科技（天津）有限公司,[],长宁区,本科,开发|测试|运维类,16:39发布,Python偏应用层（英语好）,12k-18k,1-3年
5992648,北京,北京赋乐科技有限公司,"['工程师文化', '股票期权', '清华系团队', '年中奖金']",海淀区,硕士,开发|测试|运维类,16:42发布,python实习生,3k-5k,应届毕业生
5981007,上海,江苏新南方影视文化有限公司苏州分公司,[],青浦区,大专,开发|测试|运维类,1天前发布,Python工程师,10k-14k,1-3年
5986093,上海,上海素巨科技有限公司,[],浦东新区,本科,开发|测试|运维类,1天前发布,Python软件研发工程师,10k-18k,1-3年
5984892,广州,广州新得信息科技有限公司,[],白云区,不限,开发|测试|运维类,1天前发布,python开发工程师,15k-30k,1-3年
5991987,宁波,宁波市深慧教育科技有限公司,[],鄞州区,本科,开发|测试|运维类,15:31发布,Python老师,6k-8k,不限
5980059,北京,中创三优（北京）科技有限公司,"['年底双薪', '股票期权', '专项奖金', '绩效奖金']",海淀区,本科,开发|测试|运维类,2天前发布,python开发工程师,15k-20k,3-5年
5980289,北京,北京并行科技有限公司,"['技能培训', '年底双薪', '带薪年假', '绩效奖金']",海淀区,本科,开发|测试|运维类,2天前发布,python开发工程师,10k-20k,1-3年
1937454,廊坊,智线云科技（北京）有限公司,"['绩效奖金', '股票期权', '领导好', '扁平管理']",广阳区,本科,开发|测试|运维类,2天前发布,Python 中级工程师,8k-15k,1-3年
5913061,北京,北京旷视科技有限公司,"['科技大牛公司', '自助三餐', '年终多薪', '超长带薪假期']",海淀区,本科,开发|测试|运维类,2天前发布,Python平台开发,24k-40k,不限
5979092,西安,北京神州绿盟信息安全科技股份有限公司,"['技能培训', '节日礼物', '股票期权', '带薪年假']",雁塔区,本科,开发|测试|运维类,16:38发布,Python开发实习生（创新中心）(J11913),3k-4k,应届毕业生
5987474,成都,成都杰门科技股份有限公司,"['带薪年假', '入职即购五险', '周末双休', '扁平管理']",高新区,不限,开发|测试|运维类,1天前发布,Python后端工程师,8k-12k,1-3年
5981765,北京,北京小鸟听听科技有限公司,"['节日礼物', '股票期权', '带薪年假', '领导好']",海淀区,硕士,开发|测试|运维类,2天前发布,python实习,3k-4k,应届毕业生
4363684,深圳,深信服科技股份有限公司,"['三餐全包', '大牛超多', '年终奖超多', '大公司，稳定']",南山区,本科,开发|测试|运维类,10:43发布,python开发工程师,12k-24k,不限
1781652,深圳,OPPO广东移动通信有限公司,"['丰厚年终', '扁平管理', '追求极致', '本分']",南山区,本科,开发|测试|运维类,09:40发布,Python工程师（运维平台）,15k-30k,3-5年
5099330,深圳,达而观信息科技（上海）有限公司,"['AI人工智能', 'NLP', '技术领先', '市场口碑佳']",南山区,本科,开发|测试|运维类,17:08发布,高级python开发工程师,20k-30k,3-5年
5308594,武汉,湖北百旺金赋科技有限公司,"['年底双薪', '交通补助', '带薪年假', '定期体检']",东湖新技术开发区,本科,开发|测试|运维类,16:43发布,python开发,6k-8k,1-3年
2552423,成都,成都中云天下科技有限公司,"['股票期权', '绩效奖金', '年度旅游', '定期体检']",高新区,本科,开发|测试|运维类,14:20发布,Python开发工程师,8k-15k,3-5年
5654687,深圳,深圳佑驾创新科技有限公司,"['无人驾驶', '国际标准', '车厂合作', '海归团队']",南山区,本科,开发|测试|运维类,10:12发布,Python开发工程师,15k-30k,1-3年
3990588,上海,上海斯干网络科技有限公司,"['节日礼物', '股票期权', '扁平管理', '帅哥多']",徐汇区,本科,开发|测试|运维类,16:09发布,Python开发工程师,15k-25k,3-5年
5764968,北京,生仝智能科技（北京）有限公司,"['绩效奖金', '专项奖金', '午餐补助', '定期体检']",大兴区,硕士,开发|测试|运维类,13:44发布,python工程师,14k-20k,不限
5587880,北京,平安科技（深圳）有限公司,"['六险一金', '扁平化管理', '丰厚年终', '丰富技术交流']",朝阳区,本科,开发|测试|运维类,00:00发布,11215N-Python开发工程师,15k-30k,3-5年
2268991,深圳,心灵失重（北京）科技有限公司,"['媲美名企高薪', '无限量零食', '五险一金', '年度旅游']",南山区,本科,开发|测试|运维类,11:26发布,Python,15k-30k,3-5年
5568790,深圳,深信服科技股份有限公司,"['三餐全包', '大牛超多', '年终奖超多', '大公司，稳定']",南山区,本科,开发|测试|运维类,09:11发布,高级python开发工程师,11k-20k,1-3年
5492588,北京,达而观信息科技（上海）有限公司,"['AI人工智能', 'NLP', '技术领先', '市场口碑佳']",海淀区,本科,开发|测试|运维类,17:08发布,高级python开发工程师,20k-30k,3-5年
4804175,杭州,杭州艾耕科技有限公司,"['股票期权', '扁平管理', '发展前景好', '工程师文化']",西湖区,本科,开发|测试|运维类,10:32发布,python开发工程师,15k-25k,3-5年
5912599,上海,上海舟恩信息技术有限公司,[],徐汇区,大专,开发|测试|运维类,1天前发布,python开发,9k-11k,1年以下
4120873,杭州,杭州嘉云数据科技有限公司,"['海量大数据', '世界级产品', 'AI', '智能供应链']",西湖区,本科,开发|测试|运维类,2天前发布,Python开发工程师（数据方向）,15k-20k,1-3年
5511334,北京,北京流体网络科技有限公司,"['股票期权', '弹性工作', '领导好', '扁平管理']",朝阳区,不限,开发|测试|运维类,14:39发布,python开发工程师（广告系统）,20k-40k,3-5年
4123246,上海,互道信息技术（上海）有限公司,"['节日礼物', '技能培训', '年底双薪', '年度旅游']",浦东新区,本科,开发|测试|运维类,16:19发布,Python工程师,13k-20k,3-5年
3657514,深圳,深圳市杉岩数据技术有限公司,"['股票期权', '扁平管理', '领导好', '五险一金']",南山区,本科,开发|测试|运维类,11:23发布,Python开发工程师,10k-20k,1-3年
2108656,上海,上海进馨网络科技有限公司,"['股票期权', '岗位晋升', '扁平管理', '五险一金']",浦东新区,本科,开发|测试|运维类,09:20发布,Python开发工程师,15k-30k,5-10年
5767906,北京,北京中电广通技术服务有限公司,"['弹性工作', '股票期权', '定期体检', '岗位晋升']",朝阳区,本科,开发|测试|运维类,1天前发布,Python开发工程师,10k-20k,3-5年
5817144,北京,北京逍遥志科技有限公司,"['定期体检', '股票期权', '弹性工作', '领导好']",朝阳区,本科,开发|测试|运维类,16:49发布,Python研发工程师,18k-25k,3-5年
5743897,广州,广州回头车信息科技有限公司,"['五险一金', '带薪年假', '年度旅游', '岗位晋升']",天河区,本科,开发|测试|运维类,16:48发布,python开发工程师,10k-15k,1-3年
5955801,上海,上海久耶供应链管理有限公司,"['技能培训', '绩效奖金', '年度旅游', '垂直生鲜电商']",嘉定区,本科,开发|测试|运维类,2天前发布,python开发工程师,20k-30k,5-10年
5890830,成都,惠州市宝高网络科技有限公司,[],高新区,本科,开发|测试|运维类,15:48发布,python开发工程师,30k-45k,3-5年
5313174,南京,迪原创新（北京）科技有限公司南京分公司,"['节日礼物', '带薪年假', '绩效奖金', '年度旅游']",雨花台区,本科,开发|测试|运维类,1天前发布,Python开发工程师,9k-15k,3-5年
4711299,杭州,杭州艾耕科技有限公司,"['股票期权', '扁平管理', '发展前景好', '工程师文化']",西湖区,本科,开发|测试|运维类,10:32发布,Python开发工程师,10k-20k,1-3年
2483626,北京,北京凌云雀科技有限公司,"['股票期权', '顶级技术团队', '带薪年假', '国际化管理']",海淀区,本科,开发|测试|运维类,09:45发布,Python,13k-25k,不限
5297948,上海,优维科技（深圳）有限公司,"['年底双薪', '午餐补助', '股票期权', '弹性工作']",浦东新区,本科,开发|测试|运维类,1天前发布,Python开发工程师—上海,10k-20k,1-3年
4032786,西安,北京神州绿盟信息安全科技股份有限公司,"['技能培训', '节日礼物', '股票期权', '带薪年假']",雁塔区,本科,开发|测试|运维类,16:38发布,python开发工程师,9k-15k,1-3年
4671592,杭州,杭州美登科技股份有限公司,"['年度旅游', '弹性工作', '丰厚年终奖', '技术大咖云集']",拱墅区,本科,开发|测试|运维类,13:48发布,python研发工程师,15k-30k,1-3年
5579093,深圳,深圳市贝多分金融科技有限公司,[],福田区,大专,开发|测试|运维类,09:11发布,python开发工程师,15k-25k,3-5年
5358744,深圳,深圳市零壹移动互联系统有限公司,"['年底双薪', '节日礼物', '年度旅游', '岗位晋升']",龙华新区,本科,开发|测试|运维类,2天前发布,python开发工程师,15k-25k,3-5年
5724657,深圳,深圳市乐易网络股份有限公司,"['技术大牛', '两次年度旅游', '福利倍儿好', '年终奖丰厚']",南山区,本科,开发|测试|运维类,16:53发布,python开发工程师,8k-16k,1-3年
5952662,上海,全美在线（北京）教育科技股份有限公司,"['定期体检', '午餐补助', '带薪年假', '六险一金']",浦东新区,本科,开发|测试|运维类,16:13发布,python开发工程师,15k-25k,3-5年
4420992,武汉,深圳比特屋网络有限公司,"['年底双薪', '带薪年假', '年度旅游', '节日礼物']",洪山区,本科,开发|测试|运维类,17:15发布,python工程师,15k-25k,3-5年
4623841,北京,北京势在必行网络科技有限公司,[],海淀区,本科,开发|测试|运维类,11:42发布,python开发工程师,18k-35k,3-5年
5523050,深圳,深圳市一面网络技术有限公司,"['技能培训', '海归精英团队', 'Geek分享', '绩效奖金']",南山区,本科,开发|测试|运维类,17:36发布,Python 工程师（数据平台方向）,10k-20k,1-3年
5852027,深圳,上海奥飞游戏有限公司,[],南山区,大专,开发|测试|运维类,14:51发布,Python开发工程师,6k-10k,1-3年
5858591,厦门,创世云（厦门）信息科技有限公司,"['年底双薪', '股票期权', '带薪年假', '定期体检']",思明区,本科,开发|测试|运维类,09:34发布,Python开发工程师,15k-30k,3-5年
5859352,上海,上海谷露软件有限公司,"['团队融洽', '股票期权', '扁平管理', '通讯津贴']",黄浦区,本科,开发|测试|运维类,14:47发布,python开发工程师,20k-40k,不限
2094102,北京,北京启明合心科技有限公司,"['扁平管理', '最优秀的伙伴', '弹性工作', '公司午晚餐']",海淀区,本科,开发|测试|运维类,14:41发布,Python开发工程师,20k-35k,1-3年
4869004,广州,广州战神同盟网络科技有限公司,"['年底双薪', '年终分红', '绩效奖金', '专项奖金']",天河区,大专,开发|测试|运维类,16:39发布,python开发工程师,10k-18k,3-5年
5958827,上海,上海合合信息科技发展有限公司,"['团队建设', '技能培训', '节日礼物', '年底分红']",静安区,本科,开发|测试|运维类,15:20发布,python开发工程师,10k-18k,1-3年
4176979,上海,上海数旦信息技术有限公司,"['定期体检', '年度旅游', '技能培训', '领导好']",徐汇区,本科,开发|测试|运维类,2019-05-23,Python开发工程师,10k-20k,1-3年
5745535,苏州,上海众言网络科技有限公司,"['技能培训', '节日礼物', '年底双薪', '绩效奖金']",工业园区,本科,开发|测试|运维类,16:53发布,python（高级）开发工程师,10k-20k,3-5年
5941838,北京,南京优玛软件科技有限公司,"['年终分红', '绩效奖金', '五险一金', '交通补助']",石景山区,本科,开发|测试|运维类,16:28发布,python开发工程师,12k-16k,3-5年
5831206,深圳,达而观信息科技（上海）有限公司,"['AI人工智能', 'NLP', '技术领先', '市场口碑佳']",南山区,本科,开发|测试|运维类,17:08发布,python开发工程师,10k-18k,1-3年
4873422,深圳,广州市梦享网络技术有限公司,"['双休', '五险一金', '节日礼物', '股票期权']",南山区,大专,开发|测试|运维类,15:54发布,Python开发工程师（数据方向）,13k-25k,3-5年
5970054,北京,北京升鑫网络科技有限公司,"['五险一金', '年底双薪', '带薪年假', '扁平管理']",海淀区,本科,开发|测试|运维类,2天前发布,python开发工程师,15k-25k,3-5年
5968705,上海,上海骞云信息科技有限公司,"['年底双薪', '股票期权', '带薪年假', '定期体检']",杨浦区,本科,开发|测试|运维类,10:03发布,python开发工程师,18k-36k,3-5年
5861279,深圳,深圳美西西餐饮管理有限公司,"['年底双薪', '带薪年假', '节日礼物', '美女多']",南山区,本科,开发|测试|运维类,1天前发布,python开发工程师,15k-25k,3-5年
5754772,深圳,深圳市乐易网络股份有限公司,"['技术大牛', '两次年度旅游', '福利倍儿好', '年终奖丰厚']",南山区,本科,开发|测试|运维类,16:53发布,Python,10k-20k,3-5年
1892699,武汉,武汉极意网络科技有限公司,"['股票期权', '绩效奖金', '交通补助', '带薪年假']",东湖新技术开发区,不限,开发|测试|运维类,09:44发布,Python（极验验证）,9k-18k,3-5年
5902281,北京,北京微步在线科技有限公司,"['股票期权', '带薪年假', '五险一金', '扁平管理']",海淀区,本科,开发|测试|运维类,10:56发布,python开发工程师,15k-30k,1-3年
4571447,北京,北京下厨房科技有限公司,"['五险一金', '弹性工作', '带薪年假', '股票期权']",海淀区,本科,开发|测试|运维类,16:20发布,Python开发工程师,15k-25k,1-3年
5851510,上海,达而观信息科技（上海）有限公司,"['AI人工智能', 'NLP', '技术领先', '市场口碑佳']",浦东新区,本科,开发|测试|运维类,17:08发布,python开发工程师,12k-18k,1-3年
3830574,广州,广州游爱网络技术有限公司,"['年终分红', '绩效奖金', '专项奖金', '年底双薪']",天河区,本科,开发|测试|运维类,09:53发布,python开发工程师,7k-12k,1-3年
5646110,深圳,深圳前海联易融金融服务有限公司,"['带薪年假', '定期体检', '六险一金', '婚育礼金']",南山区,本科,开发|测试|运维类,1天前发布,Python开发工程师,13k-25k,不限
5461992,南京,南京网感至察信息科技有限公司,"['技能培训', '股票期权', '带薪年假', '绩效奖金']",秦淮区,本科,开发|测试|运维类,17:03发布,python开发工程师,10k-20k,1-3年
4042218,上海,上海大岂网络科技有限公司,"['带薪年假', '定期体检', '年终分红', '节日礼物']",徐汇区,本科,开发|测试|运维类,13:50发布,python工程师,15k-20k,5-10年
5531571,北京,北京悦慧康科技有限公司,[],海淀区,本科,开发|测试|运维类,1天前发布,Python开发工程师,12k-24k,1-3年
5769328,北京,前沿驱动（北京）技术有限公司,"['五险一金', '弹性工作', '扁平管理', '绩效奖金']",房山区,本科,开发|测试|运维类,16:42发布,python开发,12k-23k,1-3年
5841923,上海,上海久耶供应链管理有限公司,"['技能培训', '绩效奖金', '年度旅游', '垂直生鲜电商']",嘉定区,不限,开发|测试|运维类,2天前发布,Python开发工程师,20k-30k,3-5年
5868344,深圳,北京市商汤科技开发有限公司,"['五险一金', '弹性工作', '丰盛三餐', '发展空间大']",南山区,本科,开发|测试|运维类,1天前发布,python开发工程师,20k-40k,3-5年
5757296,上海,飞书数字科技（上海）有限公司,"['技能培训', '扁平管理', '五险一金', '弹性工作']",长宁区,本科,开发|测试|运维类,16:19发布,Python开发工程师,15k-25k,3-5年
5278910,深圳,深圳云天励飞技术有限公司,"['节日礼物', '带薪年假', '年度旅游', '开放务实']",福田区,不限,开发|测试|运维类,09:12发布,Python开发工程师(J10047),15k-25k,3-5年
5799792,上海,上海昌投网络科技有限公司,"['技能培训', '股票期权', '绩效奖金', '扁平管理']",浦东新区,本科,开发|测试|运维类,09:06发布,python开发工程师,15k-25k,1-3年
4879656,北京,爱笔（北京）智能科技有限公司,"['国际化团队', '计算机视觉', '语音识别', '自然语言理解']",海淀区,本科,开发|测试|运维类,17:25发布,Python开发工程师,20k-40k,3-5年
5972218,吕梁,北京韦尔科技有限公司,"['节日礼物', '年度旅游', '弹性工作', '定期体检']",离石区,本科,开发|测试|运维类,16:41发布,python开发工程师,5k-10k,1-3年
5684807,上海,上海宝尊电子商务有限公司,"['年底双薪', '节日礼物', '技能培训', '绩效奖金']",闸北区,本科,开发|测试|运维类,15:13发布,python开发工程师,12k-18k,1-3年
5977096,上海,达而观信息科技（上海）有限公司,"['AI人工智能', 'NLP', '技术领先', '市场口碑佳']",浦东新区,本科,开发|测试|运维类,13:53发布,Python开发工程师,15k-30k,3-5年
5969962,成都,成都晓多科技有限公司,"['股票期权', '年底双薪', '绩效奖金', '带薪年假']",高新区,本科,开发|测试|运维类,15:05发布,python开发工程师,20k-25k,3-5年
3409230,上海,仟传网络科技（上海）有限公司,"['节日礼物', '年底双薪', '专项奖金', '年度旅游']",徐汇区,不限,开发|测试|运维类,1天前发布,Python 工程师（数据平台）,10k-20k,1-3年
5724591,北京,北京特拉库塔科技有限公司,"['股票期权', '前沿技术', '六险一金', '氛围逗比']",朝阳区,本科,开发|测试|运维类,13:27发布,软件工程师-Python,15k-28k,1-3年
4641387,北京,北京智胜新格科技有限公司,"['绩效奖金', '定期体检', '弹性工作', '节日礼物']",海淀区,本科,开发|测试|运维类,11:57发布,Python开发,15k-30k,1-3年
5876892,北京,北京博派通达科技有限公司,"['年底双薪', '股票期权', '带薪年假', '扁平管理']",朝阳区,大专,开发|测试|运维类,15:56发布,Python开发工程师（爬虫）,12k-20k,1-3年
5877192,深圳,广州奇志信息科技有限公司,"['年底双薪', '带薪年假', '岗位晋升', '扁平管理']",南山区,本科,开发|测试|运维类,15:29发布,python开发工程师,10k-20k,1-3年
5725220,北京,上海淇毓信息科技有限公司,"['年底双薪', '股票期权', '带薪年假', '定期体检']",朝阳区,本科,开发|测试|运维类,10:55发布,python开发工程师,20k-30k,5-10年
5786186,北京,深圳市金证优智科技有限公司,[],海淀区,本科,开发|测试|运维类,10:52发布,python开发工程师,15k-25k,3-5年
5898567,北京,北京钱方银通科技有限公司,"['节日礼物', '带薪年假', '绩效奖金', '年度旅游']",朝阳区,本科,开发|测试|运维类,2天前发布,python开发工程师,13k-26k,3-5年
5964923,深圳,人人贷商务顾问（北京）有限公司,"['年底双薪', '五险一金', '交通补助', '带薪年假']",南山区,本科,开发|测试|运维类,13:38发布,Python量化开发工程师,15k-26k,3-5年
4735539,南京,飞友科技有限公司,"['节日礼物', '年度旅游', '管理规范', '五险一金']",秦淮区,本科,开发|测试|运维类,11:09发布,Python开发工程师（南京）,10k-18k,1-3年
3965194,上海,竹间智能科技（上海）有限公司,"['股票期权', '年假≥12天', '开放透明氛围', '技术黑科技']",徐汇区,本科,开发|测试|运维类,10:11发布,Python 开发工程师,20k以上,不限
5499316,北京,北京流体网络科技有限公司,"['股票期权', '弹性工作', '领导好', '扁平管理']",朝阳区,本科,开发|测试|运维类,1天前发布,python开发工程师,15k-30k,3-5年
5784556,上海,千言信息技术（上海）有限公司,"['高端医疗保险', '国际化团队', '绩效奖金', '带薪年假']",黄浦区,大专,开发|测试|运维类,1天前发布,高级后端开发工程师-Python,20k-30k,5-10年
5802121,成都,四川弘和通讯有限公司,"['绩效奖金', '五险一金', '通讯津贴', '交通补助']",武侯区,本科,开发|测试|运维类,13:35发布,python开发,10k-15k,3-5年
4809248,长沙,湖南竞网智赢网络技术有限公司,"['节日礼物', '技能培训', '年度旅游', '岗位晋升']",岳麓区,本科,开发|测试|运维类,09:49发布,python开发工程师,10k-13k,3-5年
5811909,上海,上海谷露软件有限公司,"['团队融洽', '股票期权', '扁平管理', '通讯津贴']",黄浦区,本科,开发|测试|运维类,09:22发布,Python开发工程师,20k-25k,3-5年
5874290,北京,北京影谱科技股份有限公司,"['年度旅游', '定期休假', '七险一金', '午餐补助']",东城区,本科,开发|测试|运维类,2天前发布,python开发工程师,15k-30k,3-5年
5428792,上海,上海道客网络科技有限公司,"['工程师文化', '业界大牛', '改变世界', '豪华团队']",杨浦区,本科,开发|测试|运维类,17:23发布,Python开发工程师 （上海/北京）,15k-30k,3-5年
5962803,北京,北京爱特曼科技有限公司,"['年底双薪', '定期体检', '股票期权', '带薪年假']",朝阳区,本科,开发|测试|运维类,2天前发布,Django研发工程师,15k-25k,1-3年
4135794,上海,行吟信息科技（上海）有限公司,"['年度旅游', '节日礼物', '专项奖金', '带薪年假']",黄浦区,本科,开发|测试|运维类,17:13发布,Python开发工程师,20k-40k,1-3年
5623154,深圳,广东盛迪嘉电子商务股份有限公司,"['年底双薪', '带薪年假', '绩效奖金', '交通补助']",南山区,本科,开发|测试|运维类,1天前发布,python开发工程师,15k-20k,3-5年
5034360,深圳,弘量科技（深圳）有限公司,"['优秀同事', '股票期权', '年终分红', '带薪年假']",南山区,本科,开发|测试|运维类,09:35发布,Python工程师,15k-30k,3-5年
5523065,武汉,深圳比特屋网络有限公司,"['年底双薪', '带薪年假', '年度旅游', '节日礼物']",洪山区,本科,开发|测试|运维类,1天前发布,Python开发工程师,15k-25k,1-3年
5801437,福州,宝宝巴士（福建）网络科技有限公司,"['股票期权', '扁平管理', '领导好', '成长快']",仓山区,不限,开发|测试|运维类,2019-05-20,Python开发工程师,8k-16k,1-3年
4466137,北京,北京中科物安科技有限公司,"['年底双薪', '带薪年假', '午餐补助', '领导好']",海淀区,本科,开发|测试|运维类,10:22发布,python开发工程师,15k-25k,3-5年
4932878,北京,北京摩尔宝宝网络科技有限公司,"['大牛带队', '注重成长', '硅谷范儿', '免费午餐']",朝阳区,本科,开发|测试|运维类,1天前发布,python开发工程师,15k-25k,1-3年
5889767,成都,易宝软件科技（南京）有限公司,[],郫县,本科,开发|测试|运维类,2019-05-17,Python开发工程师,8k-16k,3-5年
5696846,北京,北京云杉智达科技有限公司,"['绩效奖金', '扁平管理', '岗位晋升', '五险一金']",朝阳区,本科,开发|测试|运维类,16:21发布,Python 研发工程师,10k-20k,1-3年
3772461,武汉,行吟信息科技（上海）有限公司,"['年度旅游', '节日礼物', '专项奖金', '带薪年假']",东湖新技术开发区,本科,开发|测试|运维类,17:13发布,Python开发工程师,15k-30k,1-3年
5920174,深圳,深圳市大寰机器人科技有限公司,"['定期体检', '股票期权', '午餐补助']",南山区,本科,开发|测试|运维类,10:27发布,python开发工程师,10k-16k,3-5年
5338758,南京,南京硅基智能科技有限公司,"['绩效奖金', '股票期权', '午餐补助', '带薪年假']",雨花台区,本科,开发|测试|运维类,09:41发布,python开发工程师 （AI）,12k-20k,3-5年
5836156,北京,北京神州绿盟信息安全科技股份有限公司,"['技能培训', '节日礼物', '股票期权', '带薪年假']",海淀区,本科,开发|测试|运维类,2天前发布,实习-Python工程师,2k-4k,1年以下
5586650,成都,北京棕榈创想科技有限公司,"['绩效奖金', '交通补助', '定期体检', '午餐补助']",高新区,本科,开发|测试|运维类,2019-05-24,Python开发工程师（中级）,10k-20k,3-5年
5696927,北京,北京云杉智达科技有限公司,"['绩效奖金', '扁平管理', '岗位晋升', '五险一金']",朝阳区,本科,开发|测试|运维类,16:21发布,Django 研发工程师,10k-20k,1-3年
5911730,北京,掌阅科技股份有限公司,"['专项奖金', '带薪年假', '年度旅游', '扁平管理']",朝阳区,本科,开发|测试|运维类,10:26发布,高级Python研发工程师,22k-35k,3-5年
4572265,深圳,智言科技(深圳)有限公司,"['年底双薪', '绩效奖金', '通讯津贴', '扁平管理']",南山区,本科,开发|测试|运维类,2天前发布,Python开发工程师,10k-20k,3-5年
5757934,北京,北京十牛科技有限公司,"['股票期权', '年终分红', '午餐补助', '绩效奖金']",朝阳区,大专,开发|测试|运维类,2019-05-23,python开发工程师,10k-20k,1-3年
5808068,北京,北京逍遥志科技有限公司,"['定期体检', '股票期权', '弹性工作', '领导好']",朝阳区,本科,开发|测试|运维类,16:49发布,高级Python研发工程师,25k-50k,5-10年
5205357,北京,北京右划网络科技有限公司,"['股票期权', '带薪年假', '午餐补助', '定期体检']",朝阳区,本科,开发|测试|运维类,14:36发布,高级python开发工程师,30k-60k,3-5年
5722601,深圳,深圳松茂科技有限公司,"['朝十晚六', '周末双休', '年轻团队', '扁平管理']",南山区,本科,开发|测试|运维类,1天前发布,Python开发工程师,8k-13k,1-3年
3791213,北京,北京明日虫洞科技有限公司,"['年底双薪', '股票期权', '扁平管理', '领导好']",海淀区,本科,开发|测试|运维类,2天前发布,Python,15k-30k,1-3年
5502300,北京,北京博派通达科技有限公司,"['年底双薪', '股票期权', '带薪年假', '扁平管理']",朝阳区,大专,开发|测试|运维类,15:56发布,python 开发工程师,15k-30k,1-3年
5280260,北京,乐飞天下信息技术(北京)有限公司,"['技能培训', '扁平管理', '五险一金', '午餐补助']",朝阳区,大专,开发|测试|运维类,09:53发布,Python中高级开发工程师,15k-30k,5-10年
5664887,成都,北京棕榈创想科技有限公司,"['绩效奖金', '交通补助', '定期体检', '午餐补助']",高新区,本科,开发|测试|运维类,1天前发布,python开发工程师,10k-20k,3-5年
5852600,北京,朗新科技股份有限公司,"['技能培训', '年底双薪', '带薪年假', '岗位晋升']",朝阳区,不限,开发|测试|运维类,2天前发布,python开发工程师(J10519),15k-25k,不限
5945959,深圳,深圳市博悦科创科技有限公司,"['年底双薪', '定期体检', '绩效奖金', '技能培训']",福田区,本科,开发|测试|运维类,2019-05-22,python开发工程师,10k-14k,1-3年
5932583,深圳,北京钱方银通科技有限公司,"['节日礼物', '带薪年假', '绩效奖金', '年度旅游']",福田区,本科,开发|测试|运维类,17:23发布,Python开发工程师（深圳）,15k-25k,3-5年
5647217,北京,北京超盟数据科技有限公司,"['股票期权', '扁平管理', '技术驱动', '弹性工作']",朝阳区,本科,开发|测试|运维类,1天前发布,中级python开发工程师,15k-25k,3-5年
5375732,深圳,腾讯科技（深圳）有限公司,"['免费班车', '成长空间', '年度旅游', '岗位晋升']",南山区,本科,开发|测试|运维类,2天前发布,python开发工程师,20k-40k,3-5年
5973980,北京,欧普拉软件技术（北京）有限公司,"['浏览器', '移动互联网', 'c++', '安卓']",东城区,本科,开发|测试|运维类,2019-05-24,python开发,18k-23k,3-5年
5862177,北京,乐飞天下信息技术(北京)有限公司,"['技能培训', '扁平管理', '五险一金', '午餐补助']",朝阳区,大专,开发|测试|运维类,09:53发布,中级Python开发工程师（AK）,15k-25k,5-10年
5693019,北京,北京搜狐新媒体信息技术有限公司,"['节日礼物', '项目奖金', '弹性工作时间', '15天年假']",海淀区,本科,开发|测试|运维类,2019-05-23,Python开发工程师,15k-30k,3-5年
5705859,北京,云孚科技（北京）有限公司,"['年底双薪', '股票期权', '绩效奖金', '年终分红']",海淀区,本科,开发|测试|运维类,2019-05-14,python研发工程师,8k-16k,不限
5821804,北京,北京阿博茨科技有限公司,"['五天工作制', '带薪假期', '健康午餐', '体育课']",海淀区,本科,开发|测试|运维类,16:25发布,PYTHON开发工程师 (MJ000126),15k-25k,1-3年
5353798,南京,迪原创新（北京）科技有限公司南京分公司,"['节日礼物', '带薪年假', '绩效奖金', '年度旅游']",雨花台区,本科,开发|测试|运维类,15:46发布,Python开发工程师-NJ,9k-16k,3-5年
5809594,上海,平安科技（深圳）有限公司,"['六险一金', '扁平化管理', '丰厚年终', '丰富技术交流']",浦东新区,本科,开发|测试|运维类,00:00发布,1111PB-Python开发,12k-20k,3-5年
5606179,深圳,深圳市浩海云科技有限公司,"['专项奖金', '股票期权', '年终分红', '绩效奖金']",南山区,大专,开发|测试|运维类,1天前发布,python开发工程师,12k-20k,1-3年
5941834,上海,特赞（上海）信息科技有限公司,"['技能培训', '扁平管理', '弹性工作', '全员持股']",徐汇区,本科,开发|测试|运维类,2019-05-23,Python开发工程师,25k-40k,3-5年
3413188,成都,北京钱方银通科技有限公司,"['节日礼物', '带薪年假', '绩效奖金', '年度旅游']",双流县,本科,开发|测试|运维类,17:23发布,Python开发工程师（成都）,12k-20k,3-5年
5497893,北京,北京推想科技有限公司,"['午餐补助', '弹性工作', '技能培训', '五险一金']",朝阳区,本科,开发|测试|运维类,15:31发布,高级python开发工程师,20k-40k,5-10年
4088383,上海,上海宏路数据技术股份有限公司,"['绩效奖金', '五险一金', '带薪年假', '年度旅游']",虹口区,不限,开发|测试|运维类,09:47发布,Python开发工程师,7k-14k,不限
5283324,深圳,深圳市彬讯科技有限公司,"['股票期权', '五险一金', '带薪年假', '节日礼物']",南山区,本科,开发|测试|运维类,2天前发布,python开发工程师,13k-20k,1-3年
5685848,深圳,深圳前海农产品交易所股份有限公司,"['绩效奖金', '带薪年假', '定期体检', '专项奖金']",南山区,大专,开发|测试|运维类,2019-05-21,Python工程师,15k-30k,3-5年
5907479,深圳,富途网络科技（深圳）有限公司,"['年底双薪', '腾讯系', '互联网金融', '年度体检']",南山区,不限,开发|测试|运维类,1天前发布,高级DevOps开发工程师/python,14k-28k,1-3年
5939753,上海,无锡华云数据技术服务有限公司,"['节日礼物', '带薪年假', '扁平管理', '绩效奖金']",杨浦区,本科,开发|测试|运维类,2天前发布,Python开发工程师-19170G01080,18k-28k,3-5年
5882777,北京,慧安金科（北京）科技有限公司,"['人工智能', '年底双薪', '股票期权', '带薪年假']",海淀区,本科,开发|测试|运维类,2天前发布,python开发工程师,25k-45k,3-5年
5306661,深圳,风变科技（深圳）有限公司,"['专项奖金', '带薪年假', '定期体检', '六险一金']",南山区,本科,开发|测试|运维类,2天前发布,Python工程师（运维方向）,10k-20k,1-3年
4855881,上海,上海辰沅金融信息服务有限公司,"['带薪年假', '弹性工作', '年度旅游', '五险一金']",浦东新区,本科,开发|测试|运维类,2019-05-22,Python工程师,13k-26k,1-3年
5936539,深圳,金蝶软件（中国）有限公司,"['年底双薪', '节日礼物', '技能培训', '岗位晋升']",南山区,本科,开发|测试|运维类,09:29发布,python开发工程师（运维开发方向）KIT-6,10k-15k,3-5年
5501417,成都,成都思而科软件有限公司,"['带薪年假', '绩效奖金', '领导好', '帅哥多']",武侯区,本科,开发|测试|运维类,2019-05-22,python开发工程师,8k-15k,3-5年
4965452,上海,上海牛咖信息科技有限公司,"['年底双薪', '专项奖金', '绩效奖金', '弹性工作']",普陀区,本科,开发|测试|运维类,15:36发布,python高级开发工程师,15k-30k,1-3年
5344688,北京,北京搜狐新媒体信息技术有限公司,"['节日礼物', '项目奖金', '弹性工作时间', '15天年假']",海淀区,本科,开发|测试|运维类,2019-05-23,狐友Python开发工程师,15k-25k,1-3年
5975158,南京,华扬联众数字技术股份有限公司西安分公司,"['年底双薪', '节日礼物', '技能培训', 'baby津贴']",鼓楼区,本科,开发|测试|运维类,2天前发布,python初级工程师,7k-13k,1-3年
5424247,深圳,万科物业发展股份有限公司,"['社区o2o', '原始股权', '弹性工作制', '互联网+']",福田区,本科,开发|测试|运维类,16:46发布,高级Python开发工程师,15k-30k,3-5年
5734749,北京,北京快快网络技术有限公司,"['员工福利丰富', '高薪期权', '热门行业', '免费工作餐']",海淀区,本科,开发|测试|运维类,2天前发布,Python中级开发工程师,20k-25k,不限
5669332,北京,北京狸米科技有限公司,"['弹性工作', '扁平管理', '朝阳产业', '老板NICE']",朝阳区,本科,开发|测试|运维类,2019-05-24,python,20k-30k,3-5年
5438814,北京,北京搜狐新媒体信息技术有限公司,"['节日礼物', '项目奖金', '弹性工作时间', '15天年假']",海淀区,本科,开发|测试|运维类,2019-05-23,python开发工程师,20k-30k,3-5年
5508882,北京,北京右划网络科技有限公司,"['股票期权', '带薪年假', '午餐补助', '定期体检']",朝阳区,本科,开发|测试|运维类,14:36发布,高级python开发工程师,25k-50k,3-5年
5849007,广州,广州泉涌信息科技有限公司,"['海外互联网', '快速成长', '出国旅游', '扁平管理']",天河区,本科,开发|测试|运维类,14:31发布,python中高级开发,15k-30k,3-5年
4978732,上海,上海海万信息科技股份有限公司,[],浦东新区,本科,开发|测试|运维类,14:17发布,python开发工程师,14k-18k,3-5年
4152250,成都,成都市肆零肆网络科技有限公司,"['弹性工作', '帅哥多', '节日礼物', '管理规范']",武侯区,本科,开发|测试|运维类,14:03发布,Python高级开发工程师,10k-15k,3-5年
5760105,北京,北京世纪好未来教育科技有限公司,"['上市公司', '领军企业', '五险一金', '住福计划']",海淀区,不限,开发|测试|运维类,2019-05-22,python开发工程师,17k-30k,3-5年
5325477,北京,北京瑞莱智慧科技有限公司,[],海淀区,本科,开发|测试|运维类,13:49发布,资深Python工程师,18k-36k,不限
5849124,武汉,深圳市丰巢科技有限公司,"['五险一金', '通讯津贴', '交通补助', '带薪年假']",东湖新技术开发区,本科,开发|测试|运维类,1天前发布,Python开发工程师-武汉,10k-20k,3-5年
4120720,上海,上海点融信息科技有限责任公司,"['节日礼物', '带薪年假', '岗位晋升', '扁平管理']",黄浦区,本科,开发|测试|运维类,1天前发布,高级python开发工程师-SH415-41509,20k-40k,3-5年
4855981,上海,上海辰沅金融信息服务有限公司,"['带薪年假', '弹性工作', '年度旅游', '五险一金']",浦东新区,本科,开发|测试|运维类,2019-05-22,Python,13k-26k,1-3年
5845003,武汉,北京神州绿盟信息安全科技股份有限公司,"['技能培训', '节日礼物', '股票期权', '带薪年假']",东湖新技术开发区,本科,开发|测试|运维类,2019-05-13,python开发工程师,9k-15k,1-3年
5851683,北京,北京亿欧网盟科技有限公司,"['专项奖金', '股票期权', '绩效奖金', '五险一金']",朝阳区,本科,开发|测试|运维类,2天前发布,Python工程师,15k-25k,3-5年
4856046,上海,上海辰沅金融信息服务有限公司,"['带薪年假', '弹性工作', '年度旅游', '五险一金']",浦东新区,本科,开发|测试|运维类,2019-05-22,Python开发工程师,13k-26k,1-3年
5757440,上海,北京源石云科技有限公司上海分公司,"['带薪年假', '通讯津贴', '定期体检', '绩效奖金']",徐汇区,大专,开发|测试|运维类,2019-05-24,python开发工程师,10k-20k,3-5年
5943835,上海,驰勤信息科技（上海）有限责任公司,"['绩效奖金', '带薪年假', '岗位晋升', '五险一金']",杨浦区,本科,开发|测试|运维类,2019-05-24,python开发,10k-16k,3-5年
3617364,上海,上海炫体信息科技有限公司,"['节日礼物', '年底双薪', '专项奖金', '带薪年假']",虹口区,本科,开发|测试|运维类,2019-05-23,Python（年轻人的狂欢）,12k-20k,1-3年
5156738,北京,云孚科技（北京）有限公司,"['年底双薪', '股票期权', '绩效奖金', '年终分红']",海淀区,本科,开发|测试|运维类,2019-05-14,Python研发工程师,5k-10k,不限
5959443,深圳,深圳市客路网络科技有限公司,"['零食水果供应', '带薪年假', '绩效奖金', '扁平管理']",福田区,本科,开发|测试|运维类,2天前发布,高级Python工程师,15k-30k,3-5年
5963107,北京,遨游酒店信息技术(深圳)有限责任公司,"['扁平管理', '弹性工作', '精英团队', '高速发展']",朝阳区,本科,开发|测试|运维类,2019-05-22,Python开发工程师,20k-30k,不限
1514297,上海,互道信息技术（上海）有限公司,"['节日礼物', '技能培训', '年底双薪', '年度旅游']",浦东新区,本科,开发|测试|运维类,16:19发布,Python高级开发工程师,18k-30k,3-5年
5227097,广州,广府数字（深圳）股份有限公司,[],天河区,大专,开发|测试|运维类,2019-05-20,Python工程师,12k-18k,不限
5883368,上海,上海鲲驰贸易发展有限公司,"['带薪年假', '午餐补助', '交通补助', '通讯津贴']",浦东新区,本科,开发|测试|运维类,2019-05-24,Python开发工程师,10k-20k,1-3年
5564231,上海,上海物融智能科技有限公司,"['股票期权', '年终分红', '交通补助', '午餐补助']",闵行区,本科,开发|测试|运维类,2019-05-22,Python开发工程师,15k-30k,1-3年
5520384,北京,北京汉迪移动互联网科技股份有限公司,"['带薪年假', '定期体检', '文化open', '扁平化管理']",海淀区,本科,开发|测试|运维类,09:59发布,Python开发工程师,15k-30k,1-3年
5830703,苏州,苏州思杰马克丁软件有限公司,"['节日礼物', '年底双薪', '年度旅游', '管理规范']",吴中区,本科,开发|测试|运维类,2019-05-21,python开发工程师,15k-20k,5-10年
5891273,北京,优维科技（深圳）有限公司,"['年底双薪', '午餐补助', '股票期权', '弹性工作']",朝阳区,本科,开发|测试|运维类,1天前发布,Python开发-北京,10k-20k,1-3年
5966897,长沙,长沙蜜獾信息科技有限公司,"['年底双薪', '技能培训', '绩效奖金', '年度旅游']",岳麓区,本科,开发|测试|运维类,14:35发布,Python中级（SG0302）,8k-13k,1-3年
4856053,上海,上海辰沅金融信息服务有限公司,"['带薪年假', '弹性工作', '年度旅游', '五险一金']",浦东新区,本科,开发|测试|运维类,2019-05-22,Python开发工程师,13k-26k,1-3年
2012666,上海,上海炫体信息科技有限公司,"['节日礼物', '年底双薪', '专项奖金', '带薪年假']",虹口区,本科,开发|测试|运维类,2019-05-23,Python（年轻人的狂欢）,12k-20k,1-3年
5923004,长沙,深圳高新网络科技有限公司,[],岳麓区,本科,开发|测试|运维类,1天前发布,高级python开发工程师,20k-30k,3-5年
5572773,北京,北京无极慧通科技有限公司,"['技能培训', '年底双薪', '岗位晋升', '领导好']",海淀区,本科,开发|测试|运维类,15:04发布,高级python开发工程师,10k-15k,1-3年
5533597,深圳,平安科技（深圳）有限公司,"['六险一金', '扁平化管理', '丰厚年终', '丰富技术交流']",南山区,本科,开发|测试|运维类,00:00发布,112145-资深容器python开发,15k-30k,5-10年
5529937,北京,北京高鸿兴科信息技术有限公司武汉分公司,"['年底双薪', '带薪年假', '通讯津贴', '定期体检']",海淀区,本科,开发|测试|运维类,1天前发布,高级python开发工程师,14k-17k,5-10年
5721335,南京,华扬联众数字技术股份有限公司西安分公司,"['年底双薪', '节日礼物', '技能培训', 'baby津贴']",鼓楼区,本科,开发|测试|运维类,2天前发布,python高级开发工程师,10k-20k,3-5年
5944143,杭州,杭州今元标矩科技有限公司,"['股票期权', '岗位晋升', '五险一金', '弹性工作']",江干区,不限,开发|测试|运维类,17:32发布,Python RPA工程师,10k-15k,1-3年
4931841,北京,北京格灵深瞳信息技术有限公司,"['技能培训', '节日礼物', '玩乐项目多', '岗位晋升']",海淀区,本科,开发|测试|运维类,15:50发布,Python高级开发工程师&nbsp;,20k-40k,3-5年
5967087,长沙,长沙蜜獾信息科技有限公司,"['年底双薪', '技能培训', '绩效奖金', '年度旅游']",岳麓区,本科,开发|测试|运维类,14:36发布,Python初级（SG0301）,4k-7k,1-3年
5757232,北京,北京香侬慧语科技有限责任公司,"['股票期权', '专项奖金', '绩效奖金', '年终分红']",海淀区,本科,开发|测试|运维类,2019-05-23,python开发工程师,15k-20k,1-3年
5075557,上海,上海谋卓网络科技有限公司,"['专项奖金', '带薪年假', '定期体检', '年底双薪']",杨浦区,不限,开发|测试|运维类,15:50发布,Python高级开发工程师,20k-30k,3-5年
2428299,杭州,北京广通信达软件股份有限公司杭州分公司,"['扁平管理', '岗位晋升', '五险一金', '技能培训']",西湖区,大专,开发|测试|运维类,14:41发布,高级Python开发工程师,10k-20k,3-5年
3411754,深圳,上海海万信息科技股份有限公司,[],福田区,本科,开发|测试|运维类,12:09发布,python开发工程师,10k-20k,3-5年
592514,西安,西安智园软件开发管理有限公司,"['敏捷开发', 'Mac高配', '六险一金', '扁平化管理']",高新技术产业开发区,不限,开发|测试|运维类,16:48发布,Python高级工程师,13k-26k,5-10年
